{
    "Logistic Regression": {
        "Accuracy": 0.8937697778080234,
        "Precision": 0.9235885247268785,
        "Recall": 0.88598,
        "F1 Score": 0.9043934506553428,
        "ROC-AUC": 0.9592592700500433
    },
    "Random Forest": {
        "Accuracy": 0.9993761838329533,
        "Precision": 0.9999399411423194,
        "Recall": 0.99896,
        "F1 Score": 0.9994497303678802,
        "ROC-AUC": 0.9999986970419472
    },
    "XGBoost": {
        "Accuracy": 0.9999206052151032,
        "Precision": 1.0,
        "Recall": 0.99986,
        "F1 Score": 0.999929995099657,
        "ROC-AUC": 0.999999769958341
    }
}